Player,FG36,FGA36,threesMade36,threesAttempted36,twosMade36,twosAttempted36,FT36,FTA36,ORB36,DRB36,TRB36,AST36,STL36,BLK36,TOV36,PF36,PTS36
Quincy Acy\acyqu01,4.3,9.3,0.5,1.7,3.7,7.6,2.1,2.7,2.2,6.2,8.4,1.9,0.8,0.6,1.7,4.1,11.1
Jordan Adams\adamsjo01,5.1,12.5,1.5,3.6,3.6,8.9,2,3.3,1.3,2.8,4.1,2.3,2.3,1,2,3.5,13.6
Steven Adams\adamsst01,4.4,8.1,0,0,4.4,8.1,2.1,4.2,4,6.6,10.6,1.3,0.8,1.7,2,4.5,10.9
Jeff Adrien\adrieje01,3.2,7.4,0,0,3.2,7.4,3.7,6.4,3.9,9,12.9,2.5,0.7,1.5,1.5,5,10
Arron Afflalo\afflaar01,5.4,12.7,1.7,4.8,3.7,7.9,2.4,2.8,0.4,3.2,3.6,1.9,0.6,0.1,1.7,2.4,14.9
Alexis Ajinca\ajincal01,6.8,12.4,0,0,6.8,12.4,3,3.7,3.9,7.9,11.8,1.8,0.8,1.9,2.6,5.7,16.7
Furkan Aldemir\aldemfu01,2.7,5.2,0,0.3,2.7,4.9,0.9,1.8,5.2,6.5,11.7,1.9,1.1,1.1,1.1,6.4,6.2
Cole Aldrich\aldrico01,5.3,11.1,0,0,5.3,11.1,1.8,2.4,3.7,8.7,12.5,2.8,1.4,2.4,2.2,4.5,12.5
LaMarcus Aldridge\aldrila01,9.4,20.3,0.5,1.5,8.9,18.8,4.4,5.2,2.5,7.9,10.4,1.8,0.7,1,1.7,1.8,23.8
Lavoy Allen\allenla01,4.7,10.1,0,0,4.7,10.1,1.1,1.6,4.1,6.7,10.9,2.5,0.5,1.4,1.3,3.4,10.6
Tony Allen\allento01,4.9,9.9,0.2,0.6,4.7,9.3,1.7,2.8,2.3,3.9,6.1,1.9,2.8,0.7,1.9,3.6,11.8
Al-Farouq Aminu\aminual01,3.9,9.4,0.9,3.3,3,6.1,2.2,3.1,3,6,9,1.6,1.8,1.6,1.4,3.6,10.9
Lou Amundson\amundlo01,4.2,9.8,0,0,4.2,9.8,1.6,3.3,3.6,6.7,10.3,2.7,0.8,2,2.4,4.8,10
Chris Andersen\anderch01,3.8,6.6,0.1,0.4,3.7,6.2,2.4,3.6,2.4,7.1,9.5,1.4,0.8,1.9,1.3,2.8,10.2
Alan Anderson\anderal01,4,9.1,1.5,4.3,2.5,4.7,1.7,2.1,0.6,3.6,4.2,1.7,1.2,0.1,1.2,3.1,11.3
Kyle Anderson\anderky01,3.1,8.9,0.3,1.1,2.8,7.8,0.9,1.4,0.5,6.7,7.2,2.8,1.5,0.7,1,2.8,7.4
Ryan Anderson\anderry01,6.3,15.7,2.6,7.7,3.6,8,2.8,3.2,2.3,4,6.3,1.2,0.7,0.4,1.3,2.4,17.9
Giannis Antetokounmpo\antetgi01,5.4,11.1,0.1,0.6,5.3,10.4,3.6,4.9,1.4,6.3,7.7,2.9,1,1.2,2.5,3.6,14.6
Carmelo Anthony\anthoca01,9,20.3,1.5,4.5,7.5,15.8,4.8,6,1.8,4.8,6.7,3.1,1,0.4,2.2,2.2,24.4
Joel Anthony\anthojo01,3.2,5.5,0,0,3.2,5.5,1.3,2,2.8,5.4,8.2,0.4,1.1,4.3,1.1,4.9,7.7
Pero Antic\anticpe01,3.7,10.3,1.8,6,1.9,4.3,3.1,4.3,2,4.5,6.6,1.7,0.6,0.5,1.7,4.6,12.4
Trevor Ariza\arizatr01,4.5,11.2,2.4,6.8,2.1,4.4,1.5,1.8,0.9,4.7,5.6,2.6,1.9,0.2,1.7,2.3,12.9
Darrell Arthur\arthuda01,5.6,14,0.9,4,4.7,10,1.7,2.1,1.9,4.3,6.2,2.1,1.7,0.9,1.7,5.3,13.9
Omer Asik\asikom01,3.9,7.5,0,0,3.9,7.5,2.4,4.1,4.4,9.2,13.6,1.3,0.5,1,1.7,2.6,10.1
D.J. Augustin\augusdj01,4.7,11.9,1.5,4.5,3.2,7.4,3.3,3.8,0.4,2.6,3,6.5,0.9,0.1,2.7,1.7,14.2
Jeff Ayres\pendeje02,5.2,8.9,0,0,5.2,8.9,2.5,3.4,3.5,7.5,11,1.3,0.8,0.8,2.4,5.6,12.9
Luke Babbitt\babbilu01,4,8.3,2.6,5,1.4,3.3,0.6,0.8,0.5,4.3,4.8,1,0.7,0.5,1.1,2.7,11.1
Cameron Bairstow\bairsca01,1.7,7.9,0,0,1.7,7.9,2.3,2.8,3.4,1.1,4.5,0.6,1.1,0.6,1.7,4.5,5.6
Leandro Barbosa\barbole01,6.7,14.2,1.6,4.1,5.1,10,2.1,2.7,0.8,2.5,3.3,3.6,1.5,0.3,1.6,3.2,17.1
J.J. Barea\bareajo01,5.9,14.2,1.4,4.4,4.5,9.8,2,2.5,0.6,2.9,3.5,7,0.9,0,1.9,2.7,15.3
Andrea Bargnani\bargnan01,7.5,16.6,0.7,1.9,6.8,14.7,4,4.9,1.5,4.4,5.8,2.1,0.1,1.2,1.9,2.4,19.7
Harrison Barnes\barneha02,4.9,10.2,1.4,3.3,3.6,6.8,1.7,2.3,1.8,5.2,7,1.8,0.9,0.3,1.1,2.3,12.8
Matt Barnes\barnema02,4.4,9.9,2.2,6,2.2,3.9,1.2,1.5,0.8,4,4.8,1.8,1.1,0.8,1.4,3.8,12.1
Earl Barron\barroea01,3,9.8,0.5,1,2.5,8.8,1.5,3,3.5,3.5,7,1.3,1,0.5,1.3,6.5,8.1
Will Barton\bartowi01,5.5,12.9,0.8,3.1,4.7,9.8,2.7,3.4,1,5,5.9,3,1.8,0.7,2.2,2.6,14.5
Brandon Bass\bassbr01,6.4,12.7,0.2,0.6,6.3,12.1,3.2,4,2.6,4.8,7.4,1.9,0.8,0.6,1.5,2.6,16.2
Nicolas Batum\batumni01,3.6,9.1,1.5,4.7,2.1,4.4,1.3,1.5,0.9,5.4,6.3,5.2,1.2,0.6,2,1.6,10
Jerryd Bayless\bayleje01,4.6,10.8,0.8,2.5,3.8,8.3,2.5,2.9,0.5,4,4.4,4.9,1.2,0.3,2.8,3.4,12.5
Aron Baynes\baynear01,5.9,10.5,0,0.1,5.9,10.4,2.9,3.3,3.5,6.7,10.2,1.1,0.5,0.7,2.1,5.2,14.8
Kent Bazemore\bazemke01,3.8,9,1.3,3.6,2.5,5.4,1.6,2.7,0.6,5.5,6,2.1,1.4,0.9,2,3.5,10.6
Bradley Beal\bealbr01,6.2,14.5,1.8,4.4,4.4,10.1,2.2,2.8,1,3.1,4.1,3.3,1.3,0.3,2.1,2.3,16.4
Michael Beasley\beaslmi01,6.6,15.1,0.6,2.4,6,12.7,1.4,1.9,0.9,5.5,6.3,2.3,1.1,0.9,2.6,4.7,15.1
Marco Belinelli\belinma01,5.2,12.2,2.2,6,2.9,6.2,2.2,2.6,0.7,3.4,4.1,2.4,0.8,0.1,1.6,2.2,14.7
Jerrelle Benimon\benimje01,0,0,0,0,0,0,0,0,12,24,36,0,0,0,12,0,0
Anthony Bennett\bennean01,5,12,0.3,0.9,4.8,11,1.7,2.6,2.1,6.6,8.7,1.9,1.1,0.6,1.4,3.5,12
Patrick Beverley\beverpa01,4.3,11.1,2.4,6.7,1.9,4.4,0.9,1.3,1.4,3.5,4.9,4,1.2,0.5,1.7,3.8,11.8
Sim Bhullar\bhullsi01,12,24,0,0,12,24,0,0,0,12,12,12,0,12,0,0,24
Bismack Biyombo\biyombi01,2.9,5.4,0,0,2.9,5.4,3,5.1,4.6,7.2,11.8,0.5,0.5,2.9,1.5,4.1,8.8
Tarik Black\blackta01,4.7,8.2,0,0,4.7,8.2,2,3.6,4.3,6.8,11.1,1.3,0.6,0.7,1.4,4.8,11.4
DeJuan Blair\blairde01,5.2,11.4,0,0,5.2,11.4,0.8,1.2,3.2,8,11.2,0.6,1.4,0.2,2.6,8.2,11.2
Steve Blake\blakest01,2.9,7.7,1.8,5.2,1.1,2.5,0.7,1,0.4,2.8,3.2,6.8,1,0.1,2.4,2.8,8.2
Eric Bledsoe\bledser01,6,13.4,1.1,3.5,4.9,10,4.5,5.7,0.9,4.5,5.4,6.3,1.6,0.6,3.5,2.4,17.7
Vander Blue\blueva01,4.4,14.6,1,4.9,3.4,9.7,1,2.4,1,3.4,4.4,3.9,1.5,0,2.9,1.9,10.7
Bojan Bogdanovic\bogdabo02,5.1,11.2,1.8,5,3.3,6.2,1.7,2.1,1,3.2,4.1,1.3,0.7,0.2,1.5,2,13.6
Andrew Bogut\bogutan01,4.5,8.1,0,0,4.5,8.1,0.5,1,3.2,9.1,12.3,4.1,0.9,2.6,2.4,4.3,9.6
Matt Bonner\bonnema01,3.6,8.9,1.8,4.9,1.8,4,1.2,1.4,1.1,3.3,4.4,1.8,0.4,0.5,0.4,2.5,10.2
Trevor Booker\booketr01,5.2,10.7,0.7,1.9,4.5,8.7,2,3.4,3.2,5.9,9.1,1.9,1,0.9,2,3.3,13.1
Carlos Boozer\boozeca01,7.9,15.8,0,0,7.9,15.8,2,3.2,2.4,7.9,10.3,2,0.9,0.3,2,3.9,17.8
Chris Bosh\boshch01,7.9,17.2,1.5,3.9,6.5,13.3,4.1,5.4,1.1,6.1,7.2,2.2,0.9,0.6,2.2,1.6,21.5
Avery Bradley\bradlav01,6.4,15,1.8,5.2,4.6,9.8,1.2,1.5,0.7,2.9,3.6,2,1.2,0.2,1.6,2.6,15.9
Elton Brand\brandel01,3.1,7,0,0.1,3.1,7,0.9,1.7,2.1,5.3,7.4,1.6,1.3,1.9,1.3,4,7.1
Corey Brewer\breweco01,5.9,13.9,1.1,4.1,4.8,9.8,2.9,3.9,1.4,3.7,5.1,3,2,0.3,2.3,3,15.8
Aaron Brooks\brookaa01,6.6,15.6,2.3,6,4.3,9.6,2.8,3.3,0.6,2.6,3.2,5,1,0.3,3,3.6,18.2
Jabari Brown\brownja01,4.4,10.8,1.5,3.9,3,6.8,4.1,5.4,0.2,2.1,2.3,2.5,0.8,0.1,2,2.1,14.4
Lorenzo Brown\brownlo01,3.4,8,0.4,1.8,3,6.2,0.8,1.2,0.9,3.7,4.6,5.9,1.8,0.4,2,3.2,8
Markel Brown\brownma02,3.5,9.7,0.8,3,2.7,6.7,2.2,2.6,0.7,4.2,4.9,1.8,1.4,0.6,1.2,2.6,10
Shannon Brown\brownsh01,2.8,7.7,1.2,2.8,1.6,4.9,1.2,1.6,0,0.4,0.4,1.2,1.6,0,1.6,3.2,8.1
Kobe Bryant\bryanko01,7.9,21.3,1.6,5.5,6.3,15.8,5.8,7.2,0.8,5.2,5.9,5.9,1.4,0.2,3.8,1.9,23.3
Chase Budinger\budinch01,4.7,10.9,1.5,4,3.3,6.9,1.9,2.3,0.9,4.6,5.5,1.8,1.2,0.3,1.4,2,12.8
Reggie Bullock\bullore01,2.6,7.5,1.6,4.9,1,2.6,0.6,1,0.1,5.2,5.3,0.9,1.1,0.4,0.9,2,7.3
Trey Burke\burketr01,5.8,15.8,2,6.1,3.9,9.7,1.7,2.3,0.5,2.7,3.2,5.2,1,0.2,2,1.9,15.3
Alec Burks\burksal01,4.8,12,1,2.7,3.8,9.3,4.2,5.2,0.8,3.8,4.6,3.3,0.7,0.2,2.1,2.6,15
Caron Butler\butleca01,3.6,8.8,1.8,4.9,1.7,3.9,1.2,1.4,0.5,3.9,4.3,1.8,1,0.1,1.1,2.7,10.2
Jimmy Butler\butleji01,6,13.1,1,2.8,5,10.3,5.5,6.6,1.6,3.8,5.4,3,1.6,0.5,1.3,1.5,18.6
Rasual Butler\butlera01,5.2,12.4,2.2,5.6,3,6.7,1.3,1.6,0.6,4.1,4.7,1.5,0.7,0.5,1.1,2.3,13.9
Dwight Buycks\buyckdw01,5.3,11.7,2,3.2,3.2,8.5,2.6,2.9,0.6,2.9,3.5,4.1,0.9,0,3.5,0.9,15.2
Will Bynum\bynumwi01,5.4,16.7,0,4.8,5.4,11.8,1.1,2.1,1.1,2.1,3.2,9.7,0.5,0.5,4.3,4.8,11.8
Bruno Caboclo\cabocbr01,6.3,18.8,3.1,4.7,3.1,14.1,0,0,1.6,1.6,3.1,0,0,1.6,6.3,4.7,15.7
Nick Calathes\calatni01,4.5,10.6,0.5,1.8,4,8.8,1,1.9,0.8,3.7,4.6,6.3,2.7,0.2,2.6,4.3,10.4
Jose Calderon\caldejo01,4.2,10,1.7,4,2.5,6,0.8,0.9,0.5,3,3.5,5.6,0.9,0,2.1,2.2,10.8
Kentavious Caldwell-Pope\caldwke01,5.4,13.5,2.1,6.2,3.3,7.3,1.5,2.2,0.6,2.9,3.5,1.5,1.3,0.3,1.3,2.2,14.5
Isaiah Canaan\canaais01,5.6,14.5,3.5,9.4,2.1,5.1,1.9,2.3,0.7,2.6,3.3,3.8,1.1,0.1,2.4,3.2,16.6
Clint Capela\capelca01,5.6,11.6,0,0,5.6,11.6,1.6,9.2,4,10.4,14.4,0.8,0.4,3.6,2,5.6,12.8
DeMarre Carroll\carrode01,5.2,10.7,2,5,3.3,5.7,2.1,3,1.6,4.5,6.1,1.9,1.5,0.3,1.2,2.5,14.5
Vince Carter\cartevi01,4.5,13.4,2.3,7.7,2.2,5.7,1.5,1.9,0.9,3.5,4.4,2.6,1.4,0.5,1.4,3.4,12.7
Michael Carter-Williams\cartemi01,6.1,15.4,0.6,2.6,5.5,12.8,3.4,4.9,1.1,4.8,5.9,7.4,1.9,0.5,4.2,2.8,16.2
Omri Casspi\casspom01,5.3,10.9,0.9,2.2,4.4,8.6,3.6,4.9,1.4,5.2,6.6,2.6,0.8,0.2,2.2,2.7,15.1
Mario Chalmers\chalmma01,4.1,10.1,1.1,3.8,2.9,6.3,3.1,4,0.4,2.8,3.1,4.7,1.9,0.2,2.6,3.8,12.4
Tyson Chandler\chandty01,4.6,6.9,0,0,4.6,6.9,2.9,4,4.6,9,13.6,1.3,0.7,1.4,1.7,2.7,12.1
Wilson Chandler\chandwi01,6.1,14.2,2,5.9,4.1,8.3,1.6,2.1,1.4,5.5,6.9,2,0.8,0.4,1.6,3.4,15.8
Will Cherry\cherrwi01,2.6,9.9,1,4.7,1.6,5.2,1.6,3.1,0.5,2.1,2.6,4.2,3.1,0.5,2.1,5.2,7.8
Patrick Christopher\chrispa01,3.7,14.9,0,5,3.7,9.9,0,0,2.5,5,7.4,0,1.2,0,1.2,7.4,7.4
Earl Clark\clarkea01,4.3,11.6,1.5,5.4,2.7,6.2,0.4,1.5,0.4,8.5,8.9,1.2,1.2,1.5,2.3,4.6,10.5
Ian Clark\clarkia01,3.6,10.3,1.9,5.6,1.7,4.7,1.7,1.7,0.7,2.3,3,2.3,1.7,0.6,1.7,3.7,10.7
Jordan Clarkson\clarkjo01,6.5,14.5,0.9,3,5.6,11.6,3.2,3.9,1.4,3.3,4.7,5,1.2,0.3,2.3,2.7,17.1
Victor Claver\clavevi01,4.3,9.5,2.8,5.2,1.4,4.3,0,0,1.4,8.1,9.5,0.5,0.5,0.5,1.9,5.7,11.4
Norris Cole\coleno01,4.5,11,1.1,3.5,3.4,7.5,1.1,1.6,0.3,2.9,3.1,5,1.1,0.3,1.9,2.4,11.3
Darren Collison\collida01,6,12.7,1.4,3.7,4.6,8.9,3.3,4.2,0.4,2.9,3.3,5.8,1.5,0.3,2.6,2.2,16.7
Nick Collison\collini01,3.5,8.3,0.5,2,2.9,6.3,1.5,2.1,2.9,5.2,8.2,2.9,1.1,0.8,1.5,5.1,8.9
Mike Conley\conlemi01,6.4,14.3,1.7,4.5,4.6,9.8,3.5,4,0.5,2.9,3.4,6.1,1.4,0.2,2.5,2.2,17.9
Jack Cooley\cooleja01,3.7,9.1,0,0,3.7,9.1,3.7,8.7,4.1,6.2,10.3,0.4,2.5,1.2,1.2,9.5,11.2
Chris Copeland\copelch01,4.9,13.5,2.3,7.3,2.6,6.2,1.4,2,1,3.8,4.8,2.2,0.5,0.5,2.6,3.4,13.4
Bryce Cotton\cottobr01,6.6,15.6,1.6,4.5,5,11.1,3.4,4.1,0.7,3.4,4.1,3.4,0.9,0,2.7,1.4,18.1
DeMarcus Cousins\couside01,8.9,19.1,0,0.1,8.9,18.9,7.6,9.7,3.3,10.1,13.4,3.8,1.6,1.8,4.5,4.3,25.4
Robert Covington\covinro01,5.5,13.9,3.1,8.2,2.4,5.7,3.3,4,1.2,4.6,5.8,1.9,1.8,0.6,2.4,3.5,17.4
Allen Crabbe\crabbal01,3.3,8.1,1.6,4.5,1.7,3.6,0.6,0.8,0.4,3.5,3.8,2.1,1,0.8,0.8,3.9,8.9
Jamal Crawford\crawfja01,7,17.7,2.5,7.7,4.5,10,4.8,5.3,0.4,2.2,2.6,3.3,1.2,0.3,1.9,2.3,21.4
Jae Crowder\crowdja01,5,11.9,1.3,4.5,3.7,7.4,2.4,3.1,1.6,4.8,6.4,2.1,1.6,0.5,1.1,3,13.7
Dante Cunningham\cunnida01,3.4,7.4,0,0.2,3.4,7.2,0.6,1,1.5,4.1,5.6,1.1,1,0.8,0.8,2.2,7.4
Jared Cunningham\cunnija01,4.9,13.3,1.6,5.3,3.2,8.1,2.8,5.3,0.4,3.2,3.6,4,1.2,0,2.8,4.9,14.2
Seth Curry\curryse01,0,13.5,0,4.5,0,9,0,0,0,9,9,4.5,0,0,0,9,0
Stephen Curry\curryst01,9,18.5,3.9,8.9,5.1,9.6,4.2,4.6,0.8,3.9,4.7,8.5,2.2,0.2,3.4,2.2,26.2
Samuel Dalembert\dalemsa01,3.8,8.6,0,0,3.8,8.6,0.9,1.3,3.5,7.6,11.1,1.9,0.9,2.7,2.6,4.6,8.5
Troy Daniels\danietr01,5.5,15,3.9,10.7,1.6,4.3,1,1.2,0.7,2.3,3,2,0.5,0.1,1.8,3.6,16
Luigi Datome\datomlu01,7.4,15.3,3.1,6.9,4.3,8.4,0.2,0.2,0.5,4.5,5,1.6,0.3,1.2,1.6,2.6,18.1
Brandon Davies\daviebr01,4.7,11.7,0.7,2.9,4,8.8,2,3.1,3.2,3.8,7.1,2.6,1.5,0.6,2.5,5,12.1
Anthony Davis\davisan02,9.4,17.6,0,0.2,9.4,17.4,5.4,6.8,2.5,7.7,10.2,2.2,1.5,2.9,1.4,2.1,24.3
Ed Davis\davised01,5.5,9.2,0,0,5.5,9.2,1.8,3.7,4.5,7.2,11.7,1.8,1,1.9,1.1,4,12.8
Glen Davis\davisgl01,4.7,10.2,0,0.2,4.7,10,2.4,3.8,1.7,5,6.7,1.6,1.6,0.8,1.6,5.3,11.7
Andre Dawkins\dawkian01,1.6,9.8,1.6,9.8,0,0,0,0,0,3.3,3.3,1.6,0,0,1.6,4.9,4.9
Austin Daye\dayeau01,5.2,14.8,2.5,7.4,2.7,7.3,0.5,0.6,1,6.8,7.8,1.8,1.3,0.5,2.4,4.1,13.5
Dewayne Dedmon\dedmode01,3.9,6.9,0,0,3.9,6.9,1.4,2.7,5,7.5,12.6,0.4,0.7,2.1,2.2,6,9.2
Matthew Dellavedova\dellama01,2.9,8,1.8,4.4,1.1,3.7,0.8,1,1,2.3,3.3,5.3,0.6,0.1,1.6,4,8.3
Luol Deng\denglu01,5.5,11.7,1.2,3.3,4.3,8.4,2.8,3.7,1.5,4.1,5.6,2.1,1,0.3,1.6,1.6,15
DeMar DeRozan\derozde01,7,17,0.4,1.5,6.6,15.5,6.2,7.4,0.7,4,4.7,3.6,1.3,0.2,2.3,2.1,20.6
Boris Diaw\diawbo01,5.3,11.5,1,3.1,4.3,8.4,1.3,1.7,1.4,4.9,6.3,4.2,0.7,0.4,2.3,2.7,12.8
Gorgui Dieng\dienggo01,4.3,8.4,0,0.1,4.2,8.3,3.1,4,3.7,6.3,10,2.4,1.2,2.1,2.1,3.1,11.7
Spencer Dinwiddie\dinwisp01,4,13.4,0.9,5.1,3.1,8.2,2.5,2.7,0.3,3.5,3.8,8.2,1.5,0.5,2.6,4.2,11.5
Joey Dorsey\dorsejo01,3.4,6.1,0,0,3.4,6.1,1,3.5,4.3,7.4,11.8,1.1,1.7,1.1,1.7,6.6,7.8
Toney Douglas\douglto01,3.9,10.4,1,3.7,2.8,6.7,1.6,2.6,0.4,4.1,4.5,4.9,2.2,0.8,2,4.1,10.4
Chris Douglas-Roberts\douglch01,1.7,7.3,0.3,2.4,1.4,4.9,2.8,2.8,0.3,3.8,4.2,1.4,0.3,0,0,4.9,6.6
Goran Dragic\dragigo01,6.8,13.7,1.2,3.5,5.6,10.1,2.5,3.2,1.1,2.6,3.7,4.8,1.1,0.2,2.4,2.7,17.4
Zoran Dragic\dragizo01,5.3,14.4,1.4,6.7,3.8,7.7,1.4,2.4,2.4,1.4,3.8,2.4,1,0,2.4,2.9,13.4
Larry Drew\drewla02,3.3,9.5,0.7,4.3,2.6,5.3,0.3,0.5,0.2,2.3,2.5,7.4,1,0,4.1,2.1,7.6
Andre Drummond\drumman01,7.1,13.8,0,0,7.1,13.8,2,5.3,6.3,9.6,15.9,0.8,1.1,2.2,1.7,4.1,16.3
Jared Dudley\dudleja01,4.2,8.9,1.6,4,2.6,4.8,1,1.4,0.9,3.7,4.6,2.7,1.5,0.2,1.3,2.4,10.9
Tim Duncan\duncati01,6.8,13.2,0,0.1,6.7,13.1,3.7,5,2.7,8.6,11.4,3.7,1,2.4,2.1,2.7,17.3
Mike Dunleavy\dunlemi02,4.1,9.4,2.1,5.2,2,4.3,1.4,1.7,0.5,4.3,4.9,2.2,0.8,0.4,1.2,2.4,11.7
Kevin Durant\duranke01,9.4,18.4,2.5,6.3,6.9,12.1,5.8,6.7,0.6,6.4,7,4.3,0.9,1,2.9,1.6,27
Cleanthony Early\earlycl01,4.2,11.9,1.2,4.7,3,7.2,2,2.7,1.2,4.2,5.4,2,1.3,0.7,2.2,3.2,11.7
Wayne Ellington\ellinwa01,5.5,13.3,1.9,5.2,3.5,8,1.1,1.4,0.7,3.8,4.5,2.3,0.7,0,1.1,1.7,14
Monta Ellis\ellismo01,8,18.1,1.1,3.8,6.9,14.3,3,4,0.5,2.1,2.5,4.4,2,0.3,2.6,2.6,20.2
James Ennis\ennisja01,3.5,8.5,1.1,3.3,2.4,5.2,2.7,3.2,1.7,4.3,6,1.6,0.9,0.6,1.3,3,10.7
Tyler Ennis\ennisty01,4.6,12.6,1.1,3.8,3.5,8.8,0.4,0.6,0.6,2.5,3.1,6.4,1.6,0.4,3.7,3.2,10.6
Jeremy Evans\evansje01,4.3,7.8,0.3,0.7,4.1,7.2,3.2,3.9,3.5,6.1,9.6,1.8,1.5,1.6,0.7,3.9,12.2
Reggie Evans\evansre01,2.7,6.5,0,0.1,2.7,6.4,2.8,4.6,4.6,9.5,14.1,1.5,1,0.2,2.1,4.3,8.3
Tyreke Evans\evansty01,7,15.6,0.9,3,6,12.6,2.7,3.9,1.1,4.5,5.6,7,1.3,0.5,3.3,2.6,17.6
Dante Exum\exumda01,2.9,8.2,1.6,5.2,1.2,3,0.4,0.6,0.5,2.1,2.6,3.9,0.8,0.3,2.3,2.9,7.8
Festus Ezeli\ezelife01,5.4,9.9,0,0,5.4,9.9,3.5,5.6,4.3,6.8,11.1,0.6,0.5,3,2.3,5.5,14.4
Kenneth Faried\farieke01,6.4,12.7,0,0.1,6.4,12.6,3.4,5,4.2,7.4,11.5,1.5,1.1,1,2,3.6,16.3
Jordan Farmar\farmajo01,4.2,10.8,2.4,6.6,1.8,4.2,0.7,0.7,0.5,2.3,2.9,4.6,1.4,0.3,2.2,3.5,11.4
Derrick Favors\favorde01,7.6,14.5,0,0.1,7.6,14.4,3.5,5.2,3.1,6.5,9.6,1.8,0.9,1.9,1.9,3.3,18.7
Raymond Felton\feltora01,5.5,13.6,1.3,4.4,4.2,9.2,1.5,1.9,0.3,3.1,3.3,5.3,1.4,0.5,2.3,2.2,13.8
Landry Fields\fieldla01,3.3,6.8,0.2,0.3,3.2,6.5,0.8,1,1.7,2.7,4.3,2.5,1.8,0,1.3,1.5,7.7
Evan Fournier\fournev01,5.5,12.5,1.8,4.9,3.6,7.6,2.3,3.2,0.6,2.7,3.3,2.6,0.9,0,1.8,2.5,15.1
Randy Foye\foyera01,4.9,13.3,3.1,8.7,1.8,4.6,1.5,1.8,0.3,2.5,2.8,3.9,1.1,0.4,2,3.2,14.4
Jamaal Franklin\frankja01,2.8,5.5,2.8,5.5,0,0,0,0,2.8,2.8,5.5,8.3,0,2.8,8.3,11.1,8.3
Tim Frazier\fraziti01,3.2,9.2,0.8,2.6,2.4,6.6,1.5,3.2,0.9,3.3,4.2,9,1.2,0,3.8,3.9,8.6
Jimmer Fredette\fredeji01,4.5,11.7,0.6,3.4,3.8,8.3,3,3.2,0.6,2.3,2.8,4.1,1.1,0.1,2.3,3,12.6
Joel Freeland\freeljo01,4.3,8.8,0,0,4.3,8.8,1.2,1.5,3.6,7.5,11.1,0.9,0.5,1.3,1.3,5.4,9.9
Channing Frye\fryech01,3.7,9.4,2.6,6.7,1.1,2.7,0.6,0.7,0.5,5.1,5.6,1.8,0.9,0.8,1.5,3.7,10.6
Danilo Gallinari\gallida01,5.8,14.3,2.7,7.6,3.1,6.7,4.3,4.8,0.8,4.7,5.5,2.1,1.2,0.5,1.4,2.4,18.5
Langston Galloway\gallola01,5,12.6,1.5,4.3,3.5,8.3,1.6,1.9,0.9,3.8,4.7,3.7,1.3,0.3,1.5,3.2,13.2
Francisco Garcia\garcifr01,3.1,11.3,1.8,8.1,1.3,3.2,0.2,0.7,0.5,2.5,3.1,2.7,1.6,0.9,1.8,3.6,8.1
Kevin Garnett\garneke01,5.4,11.6,0,0.3,5.4,11.3,1.4,1.7,1.8,9.9,11.8,2.9,1.7,0.6,1.7,4.1,12.2
Marc Gasol\gasolma01,7.1,14.4,0,0.2,7.1,14.1,4.7,5.9,1.5,6.9,8.4,4.1,0.9,1.8,2.4,2.8,18.9
Pau Gasol\gasolpa01,7.7,15.5,0.2,0.3,7.5,15.1,3.9,4.9,3,9.4,12.3,2.8,0.3,2,2.1,2,19.4
Rudy Gay\gayru01,7.6,16.7,1.2,3.3,6.4,13.4,5,5.9,1.5,4.5,6,3.7,1.1,0.6,2.7,2.3,21.4
Alonzo Gee\geeal01,4.7,10.1,0.7,1.9,4,8.2,2.9,4.2,2,3.1,5.1,1.4,1.9,0.4,1.8,3.2,13.1
Paul George\georgpa01,7.1,19.4,3.6,8.7,3.6,10.7,3.2,4.4,1.6,7.1,8.7,2.4,2,0.4,4.7,4.4,21
Taj Gibson\gibsota01,5.4,10.8,0,0,5.4,10.8,2.8,3.9,3.4,5,8.4,1.5,0.8,1.6,1.6,3.4,13.6
Manu Ginobili\ginobma01,5.7,13.4,2,5.9,3.7,7.5,3.3,4.6,0.6,4.2,4.8,6.6,1.5,0.5,3.5,3.1,16.7
Rudy Gobert\goberru01,4.3,7.1,0,0,4.3,7.1,2.8,4.6,4.4,8.5,12.9,1.8,1.1,3.2,1.9,2.9,11.4
Drew Gooden\goodedr01,4.6,11.5,1,2.5,3.6,9,1.4,1.8,3,6.3,9.3,2,0.9,0.4,1.2,3.8,11.5
Archie Goodwin\goodwar01,5.3,13.5,0.8,2.8,4.5,10.8,4.1,5.6,1.8,3.2,5,3,1.2,0.6,3.2,3.7,15.5
Aaron Gordon\gordoaa01,4.2,9.4,0.6,2.2,3.6,7.2,2,2.8,2.1,5.6,7.6,1.5,0.9,1,1.7,3.7,11
Ben Gordon\gordobe01,5.9,13.4,1.6,4.4,4.3,9,2.6,3.1,0.3,2.6,2.9,2.3,0.6,0,2.5,2.7,15.9
Drew Gordon\gordodr01,4.1,9.6,0,1.5,4.1,8.1,0.5,1,3.5,5.6,9.1,1,0.5,0,4.1,3.5,8.6
Eric Gordon\gordoer01,5.1,12.4,2.5,5.6,2.6,6.8,1.9,2.4,0.5,2.3,2.8,4.1,0.9,0.2,2.2,2.6,14.6
Marcin Gortat\gortama01,6.4,11.4,0,0,6.4,11.3,1.8,2.6,2.6,7.9,10.5,1.4,0.7,1.6,1.5,2.8,14.7
Danny Granger\grangda01,3.8,9.5,1.8,4.9,2.1,4.6,1.6,2.2,1.2,3.5,4.7,1,0.8,0.4,1.4,3.9,11
Jerami Grant\grantje01,3.2,9.2,1.3,4.1,2,5.1,3,5,1.3,3.9,5.2,2.1,1,1.8,2.2,3.8,10.7
Danny Green\greenda02,5,11.5,3,7.1,2,4.4,1.7,2,0.8,4.5,5.3,2.5,1.6,1.4,1.4,2.5,14.7
Draymond Green\greendr01,4.9,11.1,1.6,4.8,3.3,6.3,1.9,2.9,1.6,7.7,9.4,4.2,1.8,1.4,1.9,3.7,13.3
Erick Green\greener01,5.4,14.2,1.2,4.1,4.1,10.1,0.9,1.1,0.6,2.1,2.7,3.4,1.1,0,1.2,2.3,12.8
Gerald Green\greenge01,8.1,19.4,3.4,9.6,4.7,9.7,2.5,3,0.8,3.8,4.6,2.3,1,0.3,2.6,3.6,22
JaMychal Green\greenja01,5.9,10.3,0,1.3,5.9,9,1.8,2.2,4.2,5.7,9.9,0.9,1.1,1.1,3.1,5.5,13.6
Jeff Green\greenje02,6.1,14.2,1.4,4.3,4.7,9.9,3.5,4.2,0.9,3.9,4.8,2,0.8,0.5,1.6,2.2,17.1
Willie Green\greenwi01,4.5,11.6,1.6,4.6,2.9,7,1.1,1.3,0.5,2.5,3,2.6,1,0.2,1.8,3.1,11.6
Blake Griffin\griffbl01,8.8,17.5,0.2,0.4,8.6,17.1,4.8,6.5,1.9,5.8,7.8,5.4,1,0.5,2.3,3,22.4
Jorge Gutierrez\gutiejo01,4.5,8.4,0,0.6,4.5,7.8,1.9,2.7,1,4.1,5.1,4.5,1.2,0,2.5,5.1,10.9
P.J. Hairston\hairspj02,4.6,14.1,2.6,8.5,2,5.6,1.6,1.9,1.2,3.7,4.8,1.1,1.1,0.7,1.2,3.2,13.3
Jordan Hamilton\hamiljo02,4.1,10.3,3,6.2,1.2,4.1,0,0,0.6,4.1,4.7,2.1,0.6,0,1.2,4.1,11.2
Justin Hamilton\hamilju01,4.3,9,0.5,1.6,3.8,7.4,2,2.4,2.9,3.9,6.8,1.8,1.4,1.5,1.3,3.5,11.1
Tyler Hansbrough\hansbty01,2.9,5.6,0,0.2,2.9,5.4,3.3,4.7,3.6,5.4,9,0.7,1,0.5,0.7,4.8,9.2
Tim Hardaway\hardati02,6,15.4,2.6,7.6,3.4,7.8,2.7,3.3,0.3,3.1,3.3,2.7,0.4,0.3,1.8,2.5,17.2
James Harden\hardeja01,7.8,17.8,2.5,6.7,5.3,11,8.6,10,0.9,4.6,5.5,6.8,1.9,0.7,3.9,2.5,26.8
Maurice Harkless\harklma01,3.4,8.4,0.5,3,2.8,5.4,1.2,2.2,2,3.6,5.7,1.3,1.7,0.5,1.4,3.5,8.4
Devin Harris\harride01,4.7,11.2,2,5.7,2.6,5.5,2.8,3.5,0.3,2.6,2.9,5.1,1.7,0.3,1.8,3.1,14.2
Gary Harris\harriga01,3.3,10.9,1.1,5.2,2.3,5.7,1.8,2.4,1.1,2.2,3.2,1.5,2,0.4,1.9,3.6,9.4
Joe Harris\harrijo01,3.5,8.8,2.3,6.1,1.2,2.6,0.7,1.1,0.5,2.5,3,1.9,0.5,0.1,2,4.5,9.9
Tobias Harris\harrito02,6.7,14.4,1.3,3.6,5.4,10.8,2.9,3.7,1.1,5.4,6.5,1.9,1,0.5,1.7,2,17.7
Udonis Haslem\hasleud01,3.9,8.6,0.1,0.4,3.8,8.3,1.6,2.3,2.6,6.8,9.3,1.7,0.8,0.5,1.5,4.1,9.4
Spencer Hawes\hawessp01,4.6,11.7,1.6,5,3.1,6.8,1.2,1.9,0.8,6.4,7.3,2.5,0.7,1.5,1.7,4.9,12
Chuck Hayes\hayesch01,3.1,6.5,0,0,3.1,6.5,0.8,1.6,2.5,4.7,7.2,2.8,1.4,0.6,1.1,5.2,7.1
Gordon Hayward\haywago01,6.7,14.9,1.7,4.5,5,10.4,5.2,6.4,0.7,4.4,5.1,4.3,1.5,0.4,2.8,1.8,20.1
Brendan Haywood\haywobr01,4.2,9.1,0,0,4.2,9.1,2.1,3.9,1.8,7,8.8,0.6,0.6,3,3,5.1,10.6
Gerald Henderson\hendege02,5.8,13.2,0.7,2.1,5.1,11.1,2.9,3.4,0.6,3.7,4.2,3.2,0.8,0.3,1.7,2.1,15.1
Xavier Henry\henryxa01,1.3,5.4,0,0,1.3,5.4,5.9,10,0.8,0.8,1.7,1.3,1.3,0,1.3,2.5,8.4
John Henson\hensojo01,5.7,10.1,0,0,5.7,10.1,2.3,4,3.6,5.5,9.1,1.7,0.8,4,2.6,4.5,13.8
Roy Hibbert\hibbero01,5.9,13.3,0,0,5.9,13.2,3.1,3.8,2.9,7.2,10.1,1.6,0.3,2.3,2,4,15
J.J. Hickson\hicksjj01,5.6,11.7,0,0.1,5.6,11.7,3,5.1,3.8,7.7,11.5,1.5,0.9,0.9,2.4,3.5,14.1
Nene Hilario\hilarne01,6.5,12.8,0,0.1,6.5,12.7,2.6,4.3,1.8,5.5,7.3,2.6,1.4,0.5,2.6,3.8,15.7
George Hill\hillge01,7.2,15.2,2,5.5,5.3,9.7,3.2,4.1,0.7,4.4,5.1,6.3,1.3,0.4,2,3.2,19.7
Jordan Hill\hilljo01,6.9,14.9,0.1,0.2,6.8,14.7,2.4,3.2,3.3,7.3,10.7,2,0.7,1,2,3.2,16.2
Solomon Hill\hillso01,3.8,9.6,1,3.1,2.8,6.4,2.4,2.9,1.1,3.7,4.7,2.8,1,0.3,1.7,2.7,11
Kirk Hinrich\hinriki01,3.2,8.5,1.3,3.8,1.9,4.8,0.8,1.1,0.4,2.3,2.7,3.3,1,0.3,1.6,3.2,8.4
Jrue Holiday\holidjr01,6.6,14.8,1.4,3.7,5.2,11,1.8,2.1,0.9,2.8,3.7,7.6,1.7,0.6,2.5,3,16.4
Justin Holiday\holidju01,5,12.9,1.9,6,3.1,6.9,2,2.5,0.7,3.3,4,2.6,2.2,0.7,1.6,3,13.9
Ryan Hollins\holliry01,4.3,6.7,0,0,4.3,6.7,2.5,4.4,2.9,5.5,8.4,1.1,0.5,1.6,2,5.3,11.2
Rodney Hood\hoodro01,5.2,12.7,2.1,5.8,3.1,6.9,2.1,2.7,0.3,3.7,4,2.8,1,0.4,1.5,4,14.7
Al Horford\horfoal01,8.1,15,0.2,0.6,7.9,14.4,1.7,2.2,2,6.4,8.4,3.8,1.1,1.5,1.6,1.9,18
Dwight Howard\howardw01,7.4,12.5,0,0.1,7.4,12.4,4.2,8,3.2,9.4,12.7,1.5,0.8,1.6,3.4,4,19
Lester Hudson\hudsole01,3.9,9,1.9,3.9,1.9,5.1,1.9,2.6,0.6,4.5,5.1,3.2,3.9,0.6,1.9,2.6,11.6
Robbie Hummel\hummero01,3.8,8.3,0.8,2.5,3.1,5.9,1.2,1.4,1.5,5,6.5,1.3,0.8,0.4,0.9,4.2,9.6
Kris Humphries\humphkr01,5.6,11.9,0,0.2,5.6,11.8,2.3,3.1,3.2,8,11.1,1.5,0.9,0.7,1.2,3.5,13.6
Serge Ibaka\ibakase01,6.4,13.4,1.3,3.5,5.1,9.9,1.6,1.9,2.3,6.2,8.5,0.9,0.5,2.6,1.7,3.3,15.6
Andre Iguodala\iguodan01,4,8.6,1.3,3.7,2.7,4.9,1.2,2,0.8,3.7,4.5,4,1.5,0.4,1.5,1.7,10.5
Ersan Ilyasova\ilyaser01,7.2,15.2,2,5.2,5.2,10,1.9,2.9,2.2,5.4,7.6,1.5,1,0.5,1.2,4.1,18.3
Joe Ingles\inglejo01,3.2,7.6,1.5,4.3,1.6,3.3,0.6,0.9,0.5,3.3,3.8,3.9,1.5,0.2,2.1,2.7,8.5
Kyrie Irving\irvinky01,7.6,16.3,2.1,5,5.6,11.3,4.2,4.8,0.7,2.4,3.1,5.1,1.5,0.3,2.5,1.9,21.5
Jarrett Jack\jackja01,5.8,13.1,0.6,2.3,5.1,10.8,3.2,3.6,0.3,3.6,3.9,6,1.2,0.2,3.1,2.3,15.4
Reggie Jackson\jacksre01,6.9,15.8,1.1,3.8,5.7,12,2.9,3.5,0.9,4.3,5.2,7.3,1,0.1,3,2.7,17.7
Bernard James\jamesbe01,2.7,6.2,0,0,2.7,6.2,4.6,5.2,4.1,4.8,8.9,0.9,0.5,3.4,1.4,3.9,10
LeBron James\jamesle01,9,18.5,1.7,4.9,7.3,13.6,5.4,7.6,0.7,5.3,6,7.4,1.6,0.7,3.9,1.9,25.2
Al Jefferson\jeffeal01,8.8,18.3,0,0.1,8.7,18.2,2,3,1.8,8.1,9.9,2,0.8,1.5,1.2,2.5,19.6
Cory Jefferson\jeffeco01,5.1,11.3,0.1,1,4.9,10.3,2.1,3.7,3.2,6.6,9.8,1.1,0.7,1.4,1.4,4.1,12.4
Richard Jefferson\jefferi01,4.2,9.4,1.9,4.5,2.3,4.9,2.3,3.3,0.7,4.6,5.3,1.8,0.9,0.3,1.5,3.3,12.5
John Jenkins\jenkijo01,5.9,12,2.5,6.3,3.4,5.7,1.9,2.3,0.2,4.5,4.7,1.6,1.2,0,1,1.8,16.4
Brandon Jennings\jennibr01,6.7,16.7,2.3,6.5,4.4,10.2,3.7,4.4,0.6,2.5,3.2,8.3,1.4,0.1,2.8,2,19.4
Jonas Jerebko\jerebjo01,4.9,11.1,1.6,4.1,3.4,7,1.6,1.9,2.7,5.5,8.3,2.1,1.3,0.5,1.3,4,13.1
Grant Jerrett\jerregr01,4.9,18.4,0.7,10.6,4.2,7.8,0.7,0.7,1.4,4.9,6.4,2.1,1.4,1.4,2.1,7.8,11.3
Amir Johnson\johnsam01,5.4,9.4,0.3,0.8,5.1,8.6,1.4,2.3,2.9,5.4,8.3,2.1,0.8,1.1,2,4.1,12.6
Chris Johnson\johnsch04,4.2,10.5,1.9,6.5,2.3,4,1,1.1,0.5,3.2,3.8,1,1.8,0.5,1,3,11.4
James Johnson\johnsja01,6.3,10.6,0.3,1.3,6,9.3,1.8,2.7,1.6,5.2,6.8,2.5,1.4,1.8,2.1,4.1,14.6
Joe Johnson\johnsjo02,5.8,13.2,1.6,4.3,4.2,8.9,1.8,2.3,0.7,4.3,5,3.8,0.8,0.2,1.8,1.5,14.9
Nick Johnson\johnsni01,3.6,10.3,0.7,2.9,2.9,7.4,2.3,3.4,1.8,3.6,5.4,1.5,1,0.4,2.6,4.7,10.2
Tyler Johnson\johnsty01,4.2,10,1.1,2.9,3.1,7.1,1.9,2.8,0.8,4,4.8,2.5,2,0.5,1.8,2.5,11.3
Wesley Johnson\johnswe01,4.6,11.1,1.5,4.2,3.1,6.9,1.4,1.8,1.1,4,5.1,2,0.9,0.7,1.4,2.6,12.1
Dahntay Jones\jonesda02,1.8,6.1,0,1.2,1.8,5,2.6,3.2,0.3,2.9,3.2,0.6,0.9,0,0.3,6.7,6.1
James Jones\jonesja02,4,10.8,3.4,9.4,0.6,1.4,2.1,2.5,0.5,2.9,3.3,1.3,0.7,0.4,0.7,3.6,13.5
Perry Jones\jonespe01,4.2,10.5,0.8,3.4,3.4,7.1,1.4,2.1,0.3,4,4.3,1,1,0.5,1.4,2.9,10.5
Terrence Jones\joneste01,6.4,12.1,0.5,1.5,5.9,10.6,2.3,3.8,3.2,5.8,8.9,1.5,0.7,2.4,1.5,3.2,15.6
DeAndre Jordan\jordade01,4.8,6.8,0,0.1,4.8,6.8,2.4,6,5.1,10.6,15.7,0.8,1,2.3,1.4,3.1,12.1
Jerome Jordan\jordaje01,4.7,8.8,0,0,4.7,8.8,3.6,4.1,4.9,5,9.9,1.2,0.8,1.4,2.1,5.5,13
Cory Joseph\josepco01,5.2,10.2,0.4,1.1,4.8,9.1,2.6,3.6,1.1,3.7,4.8,4.7,1.1,0.4,1.7,2.6,13.3
Chris Kaman\kamanch01,7.3,14.1,0,0,7.3,14.1,1.9,2.6,3.8,8.6,12.5,1.7,0.5,1.4,2.8,3.6,16.4
Enes Kanter\kanteen01,8.1,15.6,0.3,0.8,7.9,14.9,3.1,3.9,4.7,6.6,11.3,0.9,0.6,0.5,2.4,3.2,19.6
Sergey Karasev\karasse01,3.5,8.7,1,3.5,2.5,5.2,1.9,2.5,1.4,2.9,4.3,3,1.5,0.1,1.6,2.9,9.9
Ryan Kelly\kellyry01,3,9,1.3,3.9,1.7,5.1,2.3,2.8,0.4,3.9,4.3,2.7,0.9,0.7,1.1,3.4,9.7
Michael Kidd-Gilchrist\kiddgmi01,5.1,10.9,0,0,5.1,10.9,3.4,4.9,2.5,7,9.4,1.7,0.7,0.9,1.4,2.6,13.6
Sean Kilpatrick\kilpase01,3.5,10,2,6.5,1.5,3.5,2,2,0.5,2.5,3,2,1.5,0,1,1.5,11
Andrei Kirilenko\kirilan01,0,5,0,0,0,5,3,4,2,6,8,1,1,0,1,1,3
Alex Kirk\kirkal01,2.6,10.3,0,0,2.6,10.3,5.1,5.1,2.6,0,2.6,2.6,0,0,0,2.6,10.3
Brandon Knight\knighbr03,6.6,15.7,2.2,5.7,4.4,10,3.4,3.9,0.5,3.8,4.3,5.8,1.6,0.2,3.3,2,18.9
Kyle Korver\korveky01,4.3,8.9,3.3,6.7,1.1,2.2,1.6,1.8,0.2,4.3,4.5,2.9,0.8,0.6,1.6,2.1,13.6
Kosta Koufos\koufoko01,4.9,9.6,0,0,4.9,9.6,1.5,2.3,3.2,8.1,11.4,1,0.8,1.7,1.8,4,11.2
Ognjen Kuzmic\kuzmiog01,4,6,0,0,4,6,2,2,3.5,5,8.5,3,1,0.5,2.5,6.5,10
Jeremy Lamb\lambje01,5.9,14.2,2.2,6.3,3.8,7.9,2.8,3.1,0.5,5.6,6.1,2.5,1.2,0.3,1.5,3,16.8
Carl Landry\landrca01,5.7,11.1,0,0,5.7,11.1,3.7,4.5,3,5.1,8.1,0.8,0.5,0.5,1.6,4,15.2
Shane Larkin\larkish01,3.6,8.3,0.7,2.2,2.9,6.1,1.2,1.5,0.6,2.8,3.4,4.4,1.8,0.2,1.6,2.9,9.1
Joffrey Lauvergne\lauvejo01,4.8,12,0.4,2.1,4.4,9.8,2.4,3.8,3.6,6.7,10.3,1.7,1.1,1.3,3,5.8,12.5
Zach LaVine\lavinza01,5.4,12.8,1.1,3.2,4.3,9.7,2.8,3.4,0.5,3.5,4.1,5.2,1,0.2,3.7,3,14.7
Ty Lawson\lawsoty01,5.5,12.5,0.9,2.8,4.5,9.7,3.6,4.9,0.6,2.6,3.2,9.7,1.2,0.1,2.5,1.7,15.4
Ricky Ledo\ledori01,4.7,14.2,1.5,4,3.2,10.2,2.4,3.2,2.4,3,5.3,2.8,0.9,0.1,3.8,3.1,13.3
Courtney Lee\leeco01,4.4,9.8,1.4,3.4,3,6.4,1.7,2,0.3,2.4,2.7,2.3,1.1,0.2,1.2,2,11.9
David Lee\leeda02,6.4,12.5,0,0.1,6.4,12.4,2.7,4.1,3.2,7,10.2,3.4,1.2,1,2,3.3,15.5
Malcolm Lee\leema01,0,18,0,0,0,18,0,0,0,0,0,0,0,0,0,0,0
Alex Len\lenal01,4.2,8.4,0,0.1,4.2,8.3,1.7,2.5,3.4,7.4,10.8,0.8,0.8,2.5,1.8,5.1,10.2
Kawhi Leonard\leonaka01,7,14.6,1.2,3.4,5.8,11.2,3.6,4.5,1.5,6.7,8.2,2.9,2.6,0.8,1.7,2.3,18.7
Meyers Leonard\leoname01,5.3,10.4,2,4.8,3.3,5.7,1.3,1.4,2,8.7,10.6,1.4,0.4,0.6,1.7,4.8,13.9
Jon Leuer\leuerjo01,5.3,11.9,0.3,1.3,5,10.7,1.6,2.6,2.2,6.9,9,2,0.7,0.4,1.5,3.8,12.5
Damian Lillard\lillada01,7.3,16.7,2.4,7,4.8,9.7,4.2,4.9,0.6,4,4.7,6.2,1.2,0.3,2.7,2,21.2
Jeremy Lin\linje01,5.2,12.3,1.2,3.3,4,9,4,5.1,0.5,3.2,3.7,6.4,1.5,0.6,3.1,3.6,15.7
Shaun Livingston\livinsh01,4.9,9.7,0,0,4.9,9.7,1.6,2.2,1.1,3.4,4.5,6.4,1.2,0.5,2.5,2.7,11.3
Brook Lopez\lopezbr01,8.7,16.9,0,0.2,8.7,16.7,3.8,4.7,3.7,5.5,9.2,0.9,0.7,2.2,1.8,3.5,21.2
Robin Lopez\lopezro01,5.1,9.6,0,0,5.1,9.6,2.2,2.8,4.2,4.5,8.7,1.2,0.4,1.8,1.6,2.7,12.4
Kevin Love\loveke01,5.9,13.5,2,5.6,3.8,8,3.7,4.6,2,8.4,10.4,2.4,0.7,0.6,1.7,2,17.5
Kyle Lowry\lowryky01,6.4,15.6,2,5.8,4.4,9.7,3.8,4.7,0.8,4.1,4.9,7.1,1.6,0.2,2.6,3.2,18.6
Kalin Lucas\lucaska01,0,6,0,0,0,6,0,0,0,0,0,0,6,0,0,6,0
John Lucas III\lucasjo02,5.6,13.8,1.2,3.8,4.4,9.9,0.7,0.7,0.5,1.6,2.1,7.9,1.1,0,2.1,2.4,13
Shelvin Mack\macksh01,5.1,12.6,1.7,5.5,3.3,7.1,1.1,1.3,0.3,3.1,3.4,6.7,1.3,0.1,2.1,1.4,12.9
Ian Mahinmi\mahinia01,3.7,6.7,0,0,3.7,6.7,1,3.2,3.3,7.9,11.2,1,0.9,1.4,1.9,5.4,8.3
Devyn Marble\marblde01,2.4,7.6,0.7,3.8,1.7,3.8,0.9,2.8,0.9,4.5,5.4,2.9,1.6,0.3,1.6,2.4,6.4
Shawn Marion\mariosh01,3.9,8.7,0.4,1.5,3.5,7.2,0.9,1.1,2.1,4.5,6.6,1.7,0.9,0.9,1.1,1.9,9
Kendall Marshall\marshke01,4,8.7,1.6,4,2.4,4.7,0.7,0.8,0.2,2.2,2.4,7.4,1.8,0,3,2.2,10.2
Cartier Martin\martica01,2.7,9.6,1.1,6,1.6,3.6,0,0,0,3.6,3.6,2,0.5,0.2,0.9,3.6,6.5
Kenyon Martin\martike01,3.1,7.6,0,0,3.1,7.6,0.7,0.7,2.1,4.5,6.6,1.7,1.7,2.1,1,4.5,6.9
Kevin Martin\martike02,7.4,17.3,2.1,5.3,5.3,12,4.7,5.3,0.5,3.4,3.9,2.5,0.9,0,2.1,2.1,21.5
Wesley Matthews\matthwe02,6,13.4,3.1,7.9,2.9,5.5,1.9,2.6,0.7,3.3,3.9,2.5,1.4,0.2,1.4,2.3,17
Jason Maxiell\maxieja01,3.3,7.9,0,0,3.3,7.9,1.7,2.9,3.5,4.8,8.3,0.8,0.7,1.8,1.2,3.9,8.3
O.J. Mayo\mayooj01,6.3,14.9,2.1,5.9,4.2,9,2.4,2.9,0.6,3.3,4,4.2,1.2,0.4,2.7,3.5,17.1
Luc Mbah a Moute\mbahalu01,4.7,11.9,1.2,3.8,3.6,8.2,1.8,3.1,1.5,4.6,6.2,2,1.5,0.4,1.9,2,12.4
James Michael McAdoo\mcadoja01,6.3,11.6,0,0,6.3,11.6,3.7,6.6,3.9,5.8,9.7,0.5,1.3,2.4,1.6,5.5,16.3
Ray McCallum\mccalra01,5.2,11.8,0.9,2.8,4.3,9,1.4,2.1,1.3,3.2,4.5,4.7,1.1,0.3,2.1,2.3,12.6
CJ McCollum\mccolcj01,5.9,13.5,2,5.1,3.8,8.4,1.9,2.7,0.5,2.8,3.4,2.4,1.6,0.3,1.8,3,15.7
K.J. McDaniels\mcdankj01,4.6,11.6,1.1,4,3.4,7.6,2.7,3.5,1.7,3.6,5.3,1.9,1.2,1.9,2.8,3.4,13
Doug McDermott\mcderdo01,4.8,12,1.5,4.6,3.4,7.4,1.1,1.7,0.7,4.1,4.8,0.7,0.4,0.1,1.9,3.3,12.2
Mitch McGary\mcgarmi01,6.5,12.2,0,0.1,6.5,12.1,1.9,3,3.9,8.3,12.2,1,1.2,1.2,2.3,5.3,14.9
JaVale McGee\mcgeeja01,5.9,11.1,0,0,5.9,11.1,3.1,4.6,2.5,6,8.6,0.4,0.3,2.8,2.5,4.2,14.9
Ben McLemore\mclembe01,4.9,11.2,1.9,5.3,3,5.9,1.8,2.2,0.4,2.8,3.2,1.9,1,0.3,1.9,3,13.4
Jerel McNeal\mcneaje01,3,11,1,2,2,9,2,2,0,3,3,2,3,1,5,5,9
Josh McRoberts\mcrobjo01,3.4,6.4,1,2.3,2.4,4.1,1,1.6,0.9,4.6,5.5,4,1.5,0.4,2.7,5,8.8
Jodie Meeks\meeksjo01,5.5,13.1,1.8,5.2,3.6,7.9,3.6,3.9,0.3,2.3,2.6,1.9,1.5,0.1,1.4,1.9,16.3
Gal Mekel\mekelga01,2.5,16.7,0,2.5,2.5,14.2,0,0,0,0.8,0.8,10.9,1.7,0,1.7,0.8,5
Khris Middleton\middlkh01,6.1,13.2,1.7,4.1,4.5,9.1,2,2.4,0.7,4.5,5.3,2.8,1.8,0.2,1.7,2.8,16
C.J. Miles\milescj01,6.4,16.2,3,8.7,3.4,7.5,2.5,3.1,0.4,3.8,4.2,1.5,1.2,0.5,1.4,2.6,18.4
Andre Miller\millean02,4.2,8.3,0.2,1,4,7.4,1.7,2.2,1.1,3.3,4.4,8.2,0.9,0.2,3,3,10.2
Darius Miller\milleda01,0.8,5.9,0,0.8,0.8,5,0,0,0,0.8,0.8,1.7,0.8,0,0.8,6.7,1.7
Mike Miller\millemi01,1.9,5.9,1.6,5,0.3,0.8,0.2,0.2,0.2,4.5,4.7,2.4,0.7,0.2,1.2,3.8,5.6
Quincy Miller\millequ01,2.7,11.5,0.9,5.4,1.8,6.1,2.4,3.3,1.2,4.8,6.1,2.4,2.1,1.5,1.5,2.7,8.8
Patty Mills\millspa02,5.8,15.1,2.8,8.2,3,6.9,1.5,1.8,0.9,2.4,3.4,3.9,1.3,0.1,1.6,2.6,15.8
Elijah Millsap\millsel01,3.2,9.3,1.1,3.5,2.1,5.8,2.3,3.4,1.1,4.8,5.8,2.3,2.2,0.6,2.6,4.8,9.7
Paul Millsap\millspa01,6.7,14,1.2,3.3,5.5,10.8,3.8,5.1,2.1,6.5,8.6,3.4,2,1,2.5,3,18.3
Nikola Mirotic\mirotni01,5.5,13.6,2.2,6.8,3.4,6.8,5,6.2,1.4,7.4,8.8,2.1,1.2,1.2,1.9,3.7,18.1
Nazr Mohammed\mohamna01,3.7,8.4,0,0,3.7,8.4,0.3,0.8,3.1,7.6,10.7,0.8,1.1,1.4,2,4.5,7.6
Greg Monroe\monrogr01,7.1,14.4,0,0,7.1,14.4,4.2,5.7,3.9,8,11.9,2.4,1.3,0.6,2.5,2.5,18.5
E'Twaun Moore\mooreet01,4.4,9.9,0.9,2.7,3.5,7.2,0.9,1.4,0.9,2.4,3.3,2.4,1.4,0.4,1,3.2,10.6
Eric Moreland\moreler01,18,18,0,0,18,18,0,0,0,18,18,0,0,0,0,18,36
Darius Morris\morrida01,4.3,12.8,0.8,4,3.5,8.8,0.5,1.1,0.8,2.4,3.3,5.8,1.1,0,2.5,2.4,10
Marcus Morris\morrima03,5.8,13.4,2,5.5,3.9,7.9,1.2,2,1.3,5.5,6.8,2.3,1.1,0.3,1.3,3.3,14.9
Markieff Morris\morrima02,7.1,15.3,0.8,2.5,6.3,12.8,2.5,3.2,1.5,5.5,7.1,2.7,1.4,0.5,2.4,3.4,17.5
Anthony Morrow\morroan01,5.7,12.3,2.8,6.5,2.9,5.8,1.6,1.8,0.8,3.1,3.9,1.2,1.1,0.2,0.8,2.7,15.7
Donatas Motiejunas\motiedo01,6.2,12.4,0.9,2.4,5.4,10,1.8,2.9,2.4,5,7.4,2.3,1,0.6,2.2,3.6,15.1
Timofey Mozgov\mozgoti01,5.5,10,0,0.1,5.5,9.9,2.7,3.8,3.6,6.8,10.4,1,0.6,1.7,2,4,13.8
Shabazz Muhammad\muhamsh01,8.1,16.5,0.8,2.1,7.2,14.4,4.3,6,2.6,3.8,6.4,1.8,0.7,0.3,1.5,2,21.3
Toure' Murry\murryto01,4,10,0,0,4,10,4,4,2,0,2,2,2,0,8,4,12
Mike Muscala\muscami01,6,10.8,0.6,1.6,5.3,9.3,1.6,1.8,3.7,4.8,8.5,1.8,1.1,1.4,1.5,3.7,14.1
Shabazz Napier\napiesh01,3.1,8.1,1.5,4.2,1.6,3.9,1.6,2,0.6,3.4,4,4.6,1.4,0.1,2.9,2.7,9.3
Gary Neal\nealga01,5.7,15.2,1.5,4.9,4.2,10.2,3.5,4.1,0.4,3.5,3.9,3,0.7,0,2,2.7,16.4
Jameer Nelson\nelsoja01,5.2,12.9,2.3,6.6,3,6.3,0.6,0.9,0.8,2.9,3.7,6.5,1.2,0.2,2.8,3.5,13.4
Andrew Nicholson\nichoan01,6.1,13.9,1,3,5.1,10.9,1.1,1.8,1.2,4.8,6,1.6,0.4,0.9,1.8,3.7,14.2
Joakim Noah\noahjo01,3.3,7.5,0,0,3.3,7.5,1.8,3.1,3.8,7.5,11.3,5.5,0.8,1.3,2.2,3.6,8.5
Nerlens Noel\noelne01,4.7,10.2,0,0,4.7,10.2,2.2,3.6,2.9,6.6,9.5,2,2.1,2.2,2.3,3.2,11.6
Lucas Nogueira\noguelu01,3.1,12.5,0,0,3.1,12.5,3.1,6.3,3.1,14.1,17.2,1.6,3.1,0,3.1,9.4,9.4
Steve Novak\novakst01,4,10.2,3.5,8.8,0.5,1.5,0,0.4,0.4,3.7,4,2,0,0.4,0.9,4.2,11.5
Dirk Nowitzki\nowitdi01,7.7,16.8,1.6,4.3,6,12.4,4,4.6,0.7,6.5,7.2,2.3,0.6,0.5,1.3,2.5,21
Jusuf Nurkic\nurkiju01,5.6,12.5,0,0.1,5.6,12.4,2.7,4.3,4.1,8.4,12.5,1.6,1.7,2.2,2.8,6.8,13.9
Johnny O'Bryant\obryajo01,4.3,11.7,0,0,4.3,11.7,1.2,2.6,2.5,3.7,6.3,1.7,0.5,0.4,2.4,4.3,9.8
Kyle O'Quinn\oquinky01,5.2,10.6,0.5,1.9,4.7,8.7,1.9,2.5,2,6.7,8.7,2.6,1.4,1.7,2.4,4.8,12.8
Victor Oladipo\oladivi01,6.6,15.2,1.2,3.5,5.4,11.7,3.7,4.5,0.7,3.5,4.2,4.1,1.7,0.3,2.9,2.6,18.1
Kelly Olynyk\olynyke01,6.3,13.4,1.5,4.4,4.8,8.9,2.4,3.4,2.3,5.3,7.7,2.8,1.6,1,2.5,5.4,16.6
Arinze Onuaku\onuakar01,6.4,7.4,0,0,6.4,7.4,1.6,4.2,3.7,7.4,11.1,2.1,0.5,1.6,1.1,3.2,14.3
Zaza Pachulia\pachuza01,5,11,0,0.1,5,10.9,2.6,3.3,4.1,6.3,10.4,3.7,1.7,0.4,2.8,3.5,12.6
Kostas Papanikolaou\papanko01,3.1,8.9,1.4,4.8,1.7,4.1,0.6,0.8,1.8,3.6,5.3,3.8,1.3,0.6,2.5,3.2,8.2
Jannero Pargo\pargoja01,7.4,17.3,4.4,10.8,3,6.4,1,1,0,1.5,1.5,3.9,0,0,1.5,3.9,20.2
Jabari Parker\parkeja01,6.3,12.8,0.2,0.8,6.1,12,2.2,3.2,2.4,4.3,6.7,2,1.5,0.2,2.3,2,15
Tony Parker\parketo01,7.4,15.3,0.7,1.6,6.7,13.7,2.4,3.1,0.3,2.1,2.4,6.2,0.8,0,2.7,2,18
Chandler Parsons\parsoch01,6.3,13.7,2.2,5.7,4.1,7.9,2.3,3.2,1.1,4.3,5.3,2.7,1.1,0.3,1.6,2.3,17.1
Patrick Patterson\pattepa01,4,8.9,1.8,4.7,2.3,4.2,1.1,1.3,2.1,5.1,7.2,2.6,1,0.7,0.9,2.5,10.8
Chris Paul\paulch01,7.2,14.7,1.8,4.4,5.4,10.3,3.6,4,0.7,4.1,4.7,10.6,2,0.2,2.4,2.6,19.7
Adreian Payne\paynead01,4.4,10.7,0,0.4,4.4,10.3,1.5,2.2,2.3,5.6,7.9,1.5,0.9,0.4,2.1,4.3,10.4
Elfrid Payton\paytoel01,4.4,10.2,0.2,0.6,4.2,9.6,1.7,3.1,1.5,3.5,5,7.7,2.1,0.3,2.9,2.8,10.6
Nikola Pekovic\pekovni01,6.1,14.5,0,0,6.1,14.5,4.8,5.7,3.9,6.4,10.3,1.2,0.8,0.5,1.9,2.6,17.1
Kendrick Perkins\perkike01,3.2,7.1,0,0,3.2,7.1,1.3,2.6,2.9,7.2,10,1.6,0.5,1.3,3,5.1,7.7
Paul Pierce\piercpa01,5.5,12.3,2.2,5.7,3.3,6.6,3.1,3.9,0.8,4.7,5.5,2.7,0.9,0.5,1.7,3,16.3
Mason Plumlee\plumlma01,5.8,10.1,0,0.1,5.8,10,3.2,6.5,3.6,7,10.6,1.5,1.3,1.3,2.2,4.3,14.8
Miles Plumlee\plumlmi01,4.1,7.7,0,0,4.1,7.7,0.7,1.4,3.4,6.3,9.6,1,1.2,2,1.5,3.3,8.9
Quincy Pondexter\pondequ01,3.8,9,1.8,4.9,1.9,4.1,1.4,1.9,1.1,2.9,3.9,1.9,0.4,0.5,1,3,10.8
Otto Porter\porteot01,4.4,9.8,0.9,2.6,3.5,7.2,1.5,2,1.8,3.8,5.6,1.6,1.1,0.8,1.3,2.4,11.2
Dwight Powell\poweldw01,4.7,10.2,0.5,1.7,4.3,8.5,3.8,5,2.7,4.9,7.6,1.4,1.4,0.9,1.7,6.1,13.7
Phil Pressey\pressph01,3.8,10.4,1,3.9,2.9,6.5,2,2.9,0.8,4,4.8,7,1.8,0.4,2.5,3.2,10.6
A.J. Price\priceaj01,5.7,15.2,1.7,6.3,4,8.9,1.8,2.7,0.7,2.9,3.6,5.1,0.8,0,1.6,1.7,14.8
Ronnie Price\pricero01,2.8,8.2,1.1,4,1.7,4.2,1.3,1.6,0.7,1.8,2.5,6,2.5,0.1,1.9,4.3,8.1
Pablo Prigioni\prigipa01,2.7,6.9,1.7,5,1,1.9,1.1,1.2,0.9,2.7,3.6,5.1,2.4,0,1.9,2.6,8.2
Tayshaun Prince\princta01,4.6,10.4,0.8,1.7,3.8,8.6,1.3,1.7,1.3,4.1,5.4,2.4,0.7,0.4,0.9,1.4,11.2
Miroslav Raduljica\radulmi01,4.7,12.5,0,0,4.7,12.5,3.1,3.1,3.1,4.7,7.8,0,1.6,0,3.1,12.5,12.5
Julius Randle\randlju01,2.6,7.7,0,0,2.6,7.7,0,5.1,0,0,0,0,0,0,2.6,2.6,5.1
Shavlik Randolph\randosh01,2.6,10,0,1.4,2.6,8.6,1.7,3.4,4.6,6.3,10.9,1.1,1.4,0.9,0.9,4.6,6.9
Zach Randolph\randoza01,7.1,14.6,0.1,0.3,7,14.2,3.6,4.7,3.5,8.2,11.7,2.4,1.1,0.2,2.4,2.7,17.9
J.J. Redick\redicjj01,6.7,14,3,6.8,3.7,7.2,2.7,3,0.3,2.2,2.5,2,0.6,0.1,1.4,2,19.1
Glen Rice\ricegl02,2.5,12.6,0.8,5.9,1.7,6.7,3.3,5,1.7,1.7,3.3,1.7,0,0,1.7,9.2,9.2
Jason Richardson\richaja01,5.4,15.4,2.7,8.3,2.7,7.1,1.5,1.9,1.1,4.6,5.7,3.3,1.1,0.3,1.4,2.4,14.9
Luke Ridnour\ridnolu01,4,9.3,1.1,3.3,2.9,6,0.9,1.1,0.4,3.2,3.6,5.1,1.1,0.2,2,3.5,9.9
Austin Rivers\riverau01,4.7,11.4,0.9,3,3.8,8.4,2,2.9,0.6,2.9,3.5,3.6,1.1,0.3,1.5,3.4,12.2
Andre Roberson\roberan03,2.6,5.6,0.6,2.4,2,3.2,0.6,1.3,1.7,5.5,7.1,2,1.5,0.8,1.3,3.9,6.4
Brian Roberts\roberbr01,4.8,12.2,1.7,5.2,3.1,7,1.8,2,0.4,2.6,3,4.4,0.9,0.2,1.5,2,13
Glenn Robinson\robingl02,3.6,9.2,0.7,2.6,2.9,6.6,2.2,3.3,2.1,3.3,5.4,1.5,0.8,0.1,1.5,2.1,10.1
Nate Robinson\robinna01,5.4,15.5,1.9,6.8,3.5,8.7,1.9,2.8,1,2,3,5.9,1.2,0.2,1.8,4.6,14.5
Thomas Robinson\robinth01,5.7,11.7,0,0.1,5.7,11.6,2.5,4.8,4.3,9.4,13.7,1.5,1.4,0.9,2.7,4.7,13.9
Rajon Rondo\rondora01,4.9,11.5,0.5,1.5,4.4,10,0.6,1.4,1.3,5.4,6.7,9.6,1.6,0.1,3.7,2.7,10.8
Derrick Rose\rosede01,8,19.6,1.8,6.4,6.2,13.3,3.6,4.4,0.8,3,3.8,5.9,0.8,0.4,3.8,1.5,21.3
Terrence Ross\rosste01,5.3,13,2.5,6.7,2.8,6.2,0.8,1,0.6,3.3,3.9,1.5,0.9,0.4,1.2,2.3,13.9
Ricky Rubio\rubiori01,4.1,11.4,0.7,2.7,3.4,8.7,3,3.7,1,5.5,6.5,10,2,0.1,3.3,3.1,11.8
Damjan Rudez\rudezda01,4.1,9,2.4,5.8,1.7,3.2,0.6,0.8,0.3,1.3,1.6,1.8,0.6,0.2,1.6,2.7,11.1
Brandon Rush\rushbr01,1.5,7.2,0.4,3.6,1.1,3.6,0.7,1.5,0.5,4.9,5.4,1.6,0.7,1.6,1.5,3.6,4
Robert Sacre\sacrero01,4,9.7,0,0,4,9.7,1.7,2.6,2.8,4.6,7.4,1.7,0.9,1.4,1.1,3.8,9.8
John Salmons\salmojo01,2.1,6.4,1.1,3.5,1.1,2.9,0.3,0.5,0.5,2.3,2.8,1.7,1.2,0.5,0.7,3.3,5.6
JaKarr Sampson\sampsja02,4.6,11,1,4,3.7,7,2,3,1.1,4.1,5.2,2.5,1.2,0.8,2.4,4.3,12.3
Larry Sanders\sandela01,5.3,10.6,0,0,5.3,10.6,1.5,2.9,4.1,6.1,10.2,1.4,1.6,2.4,1.7,6.4,12
Dennis Schroder\schrode01,6.7,15.8,1.2,3.5,5.5,12.3,3.5,4.3,0.7,3.2,3.9,7.5,1.2,0.1,3.6,3,18.2
Luis Scola\scolalu01,6.5,13.9,0.1,0.4,6.4,13.5,3.4,4.9,3,8.4,11.4,2.3,1,0.4,2,4.2,16.6
Mike Scott\scottmi01,6.4,14.5,2.1,6.2,4.3,8.4,2,2.5,1.4,4.9,6.4,2.4,0.8,0.1,1.3,2.7,17
Thabo Sefolosha\sefolth01,3.8,9.2,0.9,2.9,2.9,6.3,1.7,2.1,2,6.3,8.2,2.8,2,0.8,1.4,2.5,10.3
Kevin Seraphin\serapke01,6.7,13.1,0,0.1,6.7,13.1,1.7,2.4,2.5,5.9,8.4,1.7,0.3,1.7,2.9,5.7,15.2
Ramon Sessions\sessira01,3.8,10.1,0.6,1.8,3.2,8.3,4,5.2,0.7,3.7,4.4,5.5,0.9,0,2.6,2.2,12.2
Iman Shumpert\shumpim01,4.5,11,1.6,4.6,2.9,6.4,1,1.5,1.3,3.9,5.2,3.1,1.9,0.4,2.1,3.2,11.6
Alexey Shved\shvedal01,6.2,15.7,2.2,6.5,4,9.2,5.7,7,1.1,3.6,4.6,5,1.4,0.3,2.3,2.3,20.4
Henry Sims\simshe01,6.1,12.9,0.1,0.6,6,12.4,2.7,3.5,3.1,6.1,9.2,2,1,0.8,2.5,3.5,15.1
Kyle Singler\singlky01,3.6,9.2,2,5,1.6,4.2,0.8,1.1,0.7,3.3,4,1.8,1,0.4,1.1,3.2,9.9
Donald Sloan\sloando01,4.7,11.5,1.3,4.3,3.4,7.3,2,2.5,0.4,4.3,4.7,6.2,0.7,0,2.1,1.5,12.7
Marcus Smart\smartma01,3.5,9.5,1.8,5.4,1.7,4.1,1.6,2.5,1.2,3.2,4.4,4.1,2,0.4,1.8,3.5,10.4
Greg Smith\smithgr02,3,4.9,0,0,3,4.9,2,3.9,2.6,5.3,7.8,0.9,0.7,1.1,1.1,5.3,7.9
Ish Smith\smithis01,6.2,15.9,0.8,2.6,5.4,13.3,1.5,2.5,0.6,3.7,4.3,7.8,1.6,0.3,3.4,2.2,14.6
J.R. Smith\smithjr01,5.5,13.1,2.8,7.4,2.6,5.7,0.9,1.2,0.5,3.3,3.8,3.4,1.4,0.4,1.7,2.8,14.7
Jason Smith\smithja02,5.2,11.9,0.3,0.8,4.9,11.1,2.6,3.1,2,4.6,6.5,2.8,0.6,0.9,2.1,4.1,13.2
Josh Smith\smithjo03,6.5,15.4,1.1,3.6,5.4,11.9,2,4,2.4,5.9,8.3,4.3,1.4,1.8,3.2,3.6,16.1
Russ Smith\smithru01,4.4,13.8,1.1,6.1,3.3,7.8,6.6,7.2,0.6,2.8,3.3,4.4,1.7,0,6.6,7.2,16.6
Tony Snell\snellto01,4.1,9.5,1.9,5,2.2,4.4,1.1,1.4,0.8,3.7,4.5,1.6,0.8,0.3,1.2,2.2,11.1
Marreese Speights\speigma01,9.5,19.3,0.1,0.5,9.3,18.7,4.5,5.3,3.3,6.4,9.7,2.1,0.6,1,2.4,5.6,23.6
Tiago Splitter\splitti01,5.9,10.6,0,0,5.9,10.6,3.1,4.2,3.2,5.6,8.8,2.7,1.2,1.3,2.1,3.6,15
Nik Stauskas\stausni01,3.4,9.5,1.5,4.8,1.9,4.7,1.8,2,0.4,2.5,2.8,2.1,0.6,0.5,1.3,2.9,10.2
Lance Stephenson\stephla01,4.7,12.6,0.4,2.4,4.3,10.2,1.6,2.5,0.9,5.4,6.3,5.5,0.9,0.2,2.9,3.1,11.5
Greg Stiemsma\stiemgr01,3.3,4.4,0,0,3.3,4.4,1.1,2.2,4.9,3.3,8.2,1.6,1.1,0,3.8,8.2,7.6
David Stockton\stockda01,2.2,6.5,1.1,2.2,1.1,4.4,3.3,6.5,0,2.2,2.2,9.8,2.2,0,4.4,1.1,8.7
Jarnell Stokes\stokeja01,6,10.6,0,0,6,10.6,4.3,8,4.6,5.1,9.7,1.1,1.4,1.4,2,7.1,16.3
Amar'e Stoudemire\stoudam01,7.9,14.2,0,0.1,7.9,14.1,3.9,5.4,3.2,6.3,9.5,1.3,0.8,1.1,2.3,4.7,19.7
Rodney Stuckey\stuckro01,6.4,14.5,1.1,2.7,5.3,11.8,3.4,4.1,0.7,4.1,4.8,4.2,1.1,0.2,2.3,2.5,17.2
Jared Sullinger\sullija01,7.1,16.3,1.2,4.2,6,12,2.2,3,3.4,6.8,10.1,3.1,1,1,1.8,3.5,17.7
Jeffery Taylor\tayloje03,3.8,9.5,0.9,3,2.8,6.5,2.2,3.4,1.2,3.3,4.4,1.8,1,0.1,1.6,3,10.6
Jeff Teague\teaguje01,6.6,14.3,1.1,3.3,5.4,11,4.4,5.2,0.5,2.5,3,8.3,2,0.5,3.3,2.2,18.8
Mirza Teletovic\teletmi01,4.9,12.9,2.5,7.8,2.4,5.1,1.3,1.9,1.1,6.7,7.8,1.9,0.6,0.6,2.1,3,13.7
Sebastian Telfair\telfase01,5.1,13.8,2,6.6,3.1,7.2,2.6,3.7,0.2,3.1,3.3,5,1.1,0,2,3.2,14.8
Garrett Temple\templga01,3.3,8.3,1.6,4.3,1.7,4,1.7,2.4,1.2,3.2,4.4,2.7,2.1,0.4,1.7,3.7,10
Jason Terry\terryja01,4.1,9.8,2.8,7.1,1.4,2.7,0.9,1.1,0.3,2.3,2.7,3.2,1.4,0.4,1.6,2.5,11.9
Isaiah Thomas\thomais02,7,16.6,2.7,7.2,4.3,9.4,6.3,7.3,0.7,2.5,3.2,5.9,1.2,0.1,3,3.1,23
Lance Thomas\thomala01,4.4,10.7,0.2,0.5,4.2,10.1,1.7,2.4,1.6,3.1,4.7,1.7,0.9,0.2,1.8,2.4,10.7
Malcolm Thomas\thomama01,3.3,7.4,0,1.3,3.3,6.1,1.7,2.4,3,7.4,10.4,1.3,0.6,0.2,2.4,3.2,8.4
Tyrus Thomas\thomaty01,5.1,5.1,0,0,5.1,5.1,10.3,10.3,0,0,0,5.1,0,0,0,0,20.6
Hollis Thompson\thompho01,4.5,11,2.3,5.8,2.2,5.2,1.3,1.8,1.1,2.9,4,1.7,1.2,0.5,1.3,2.9,12.7
Jason Thompson\thompja02,3.6,7.7,0,0,3.6,7.7,1.6,2.6,2.5,7.1,9.6,1.5,0.6,1,1.5,4.3,8.9
Klay Thompson\thompkl01,8.8,19,3.5,8,5.3,11.1,3.3,3.8,0.4,3.2,3.6,3.3,1.3,0.9,2.2,1.8,24.5
Tristan Thompson\thomptr01,4.4,8,0,0,4.4,8,2.6,4.1,4.5,6.3,10.8,0.6,0.6,1,1.4,3.1,11.4
Marcus Thornton\thornma01,7,17.2,2.7,7.1,4.3,10.1,2.3,2.8,1.1,3.1,4.3,1.8,1.3,0.3,1.3,1.9,19
Anthony Tolliver\tollian01,4,9.9,2.7,7.3,1.4,2.6,1.4,1.7,1.3,4.7,5.9,1.5,0.6,0.4,1.3,3.4,12.1
P.J. Tucker\tuckepj01,3.9,9,1.3,3.8,2.6,5.2,1.6,2.2,1.7,5.9,7.6,1.8,1.6,0.3,1.5,2.7,10.8
Ronny Turiaf\turiaro01,0,0,0,0,0,0,0,0,0,1.9,1.9,3.8,0,0,0,0,0
Hedo Turkoglu\turkohe01,4.2,9.6,3.1,7.1,1.2,2.5,0.3,0.6,0.3,4.8,5.1,1.9,1,0.4,1.5,3.4,11.8
Evan Turner\turneev01,5.1,11.9,0.5,1.9,4.6,10,1.7,2.2,0.6,6,6.6,7.2,1.3,0.3,3.2,2.9,12.4
Ekpe Udoh\udohek01,3.1,6.8,0,0,3.1,6.8,2,2.5,2,5.3,7.3,2.3,2.3,2,2,5.6,8.2
Beno Udrih\udrihbe01,5.9,12.2,0.6,2.3,5.3,9.8,2.1,2.5,0.5,3,3.4,5.3,1.1,0.2,2.1,2.1,14.6
Jonas Valanciunas\valanjo01,6.4,11.2,0,0,6.4,11.2,3.7,4.7,3.7,8.2,11.9,0.7,0.6,1.6,1.9,3.8,16.5
Anderson Varejao\varejan01,6.3,11.3,0,0.1,6.3,11.2,1.9,2.5,3.2,6.4,9.6,2,1.1,0.9,2,3.3,14.4
Greivis Vasquez\vasqugr01,5.4,13.1,2.4,6.3,2.9,6.8,0.9,1.2,0.4,3.5,3.9,5.5,0.8,0.2,2.2,3.2,14
Charlie Villanueva\villach01,8,19.2,4.4,11.7,3.6,7.5,1.1,1.9,1.6,6.3,7.9,1,0.8,1.2,1.5,3.4,21.4
Noah Vonleh\vonleno01,4.2,10.6,0.7,1.8,3.5,8.8,2.5,3.6,3.9,8.1,12,0.6,0.6,1.3,1.5,2.8,11.5
Nikola Vucevic\vucevni01,9,17.2,0,0.1,9,17.1,2.3,3.1,3.4,8.1,11.5,2.1,0.8,0.8,2.1,3.1,20.3
Dwyane Wade\wadedw01,9.3,19.8,0.5,1.9,8.8,17.9,5.2,6.8,1.1,2.9,4,5.5,1.3,0.4,3.8,1.9,24.3
Dion Waiters\waitedi01,6.1,15.4,1.2,4,4.9,11.4,1.9,2.8,0.7,2.5,3.1,2.7,1.5,0.3,1.8,2.5,15.3
Henry Walker\walkebi01,3.3,9.6,2.6,7.6,0.7,2.1,0.8,1,0.4,4.3,4.7,1.7,1.4,0.5,1.4,4.4,10
Kemba Walker\walkeke02,6.4,16.7,1.4,4.8,5,11.9,4,4.8,0.6,3.1,3.7,5.4,1.5,0.5,1.7,1.6,18.3
John Wall\walljo01,6.6,14.8,0.8,2.8,5.8,12,3.6,4.6,0.5,4.2,4.6,10.1,1.8,0.6,3.9,2.3,17.6
Gerald Wallace\wallage01,1.8,4.3,0.1,0.4,1.6,3.9,0.8,1.9,2.1,5,7.2,1.4,1.9,0.5,2.3,2.4,4.4
T.J. Warren\warretj01,6.6,12.5,0.3,1.2,6.3,11.3,0.8,1.1,2.4,2.6,5,1.5,1.1,0.5,1.6,3,14.4
C.J. Watson\watsocj01,4.6,10.6,1.8,4.4,2.8,6.1,3.5,4.2,0.5,3.7,4.1,5.3,1.4,0.2,2.5,2.7,14.4
David Wear\wearda01,0,10.3,0,5.1,0,5.1,0,0,10.3,0,10.3,5.1,0,0,0,5.1,0
Travis Wear\weartr01,4.5,11.2,0.6,1.6,3.9,9.6,1.1,1.4,1.7,4,5.7,2.1,0.8,0.6,1.9,2.9,10.7
Martell Webster\webstma02,2.5,9.3,1,4.4,1.4,4.9,4.9,6.5,1,3.7,4.7,1.7,0.7,0.1,2.3,2.5,10.8
David West\westda01,6.1,13,0.1,0.4,6.1,12.7,2.3,3.1,2.1,6.5,8.5,4.2,0.9,0.9,2.3,3,14.6
Russell Westbrook\westbru01,9.8,23,1.3,4.5,8.5,18.5,8.5,10.2,1.9,5.7,7.6,9,2.2,0.2,4.6,2.9,29.5
Hassan Whiteside\whiteha01,7.7,12.2,0,0,7.7,12.2,2.5,4.9,4.6,10.6,15.2,0.2,0.9,3.9,1.8,4.1,17.8
Shayne Whittington\whittsh01,6.3,14,0.3,2,6,12,6,7.7,3.3,6.3,9.7,2,1.7,0.7,1.7,6,19
Andrew Wiggins\wiggian01,6,13.8,0.5,1.5,5.6,12.3,4.3,5.7,1.6,2.9,4.5,2.1,1,0.6,2.1,2.3,16.8
C.J. Wilcox\wilcocj01,5.7,13.5,2.5,6.8,3.2,6.8,0.7,0.7,0.4,2.1,2.5,2.9,1.1,0.4,3.6,2.5,14.6
Deron Williams\willide01,5.1,13.1,1.5,4,3.6,9.1,3.4,4.1,0.5,3.5,4,7.6,1.1,0.3,2.6,2.7,15.1
Derrick Williams\willide02,5.3,11.9,1.2,3.8,4.1,8.1,3.3,4.8,1,4,5,1.2,0.8,0.1,1.4,1.6,15.2
Elliot Williams\williel01,4.2,11.2,2.4,5.4,1.8,5.7,0.3,1.2,0,2.4,2.4,3.6,1.2,0,1.2,3.6,11.2
Lou Williams\willilo02,6.7,16.6,2.7,8,4,8.6,6.1,7.1,0.4,2.3,2.7,2.9,1.6,0.2,1.8,1.8,22.2
Marvin Williams\willima02,3.7,8.8,1.7,4.7,2,4.1,1.1,1.5,1,5.8,6.8,1.8,1.2,0.6,1.1,2.6,10.2
Mo Williams\willima01,6.2,15.6,2.2,6.3,4,9.3,3,3.4,0.4,2.8,3.2,7.7,0.8,0.3,3.1,2.9,17.5
Reggie Williams\willire02,5.1,13.4,1,6.5,4.1,6.9,1.4,1.4,1.7,4.1,5.8,3.4,0.3,0,0.7,4.1,12.7
Shawne Williams\willish03,4,9.9,2.1,5.9,1.9,4,1.2,1.3,1.2,4.3,5.5,1.5,0.8,0.7,1,4.5,11.3
Jeff Withey\witheje01,4.4,8.9,0,0,4.4,8.9,4.7,6.9,3.2,5.7,8.9,1.5,0.6,2.5,1.7,3.6,13.6
Nate Wolters\woltena01,2.9,8.3,0,1,2.9,7.3,0.3,0.9,1.2,3.8,5,3.1,1.2,0.3,1.9,2.6,6.1
Brandan Wright\wrighbr03,5.8,9,0,0.1,5.8,8.9,1.9,2.8,3.2,4.8,8,1,1.2,2.3,0.8,2.5,13.5
Dorell Wright\wrighdo01,4.4,11.6,2.5,6.6,1.9,5,2.1,2.6,0.9,5.9,6.8,2.5,1.2,0.7,1.1,3.3,13.3
Tony Wroten\wroteto01,7,17.5,1.5,5.7,5.6,11.7,4.8,7.2,0.9,2.6,3.5,6.3,1.9,0.3,4.5,2.9,20.4
James Young\youngja01,3.9,11.1,1.8,7.2,2.1,3.9,1.7,3.1,1,3.6,4.6,1.4,0.9,0.2,0.5,2.4,11.4
Nick Young\youngni01,6.3,17.1,3,8.1,3.3,9,4.8,5.3,0.6,2.8,3.5,1.5,0.8,0.4,1.6,3,20.3
Thaddeus Young\youngth01,6.7,14.3,0.6,1.7,6.1,12.6,1.9,3,1.9,4.2,6.1,2.6,1.8,0.4,1.7,2.5,15.8
Cody Zeller\zelleco01,4.2,9,0,0,4.1,9,3.1,4,2.3,6.4,8.8,2.4,0.8,1.2,1.5,3.8,11.4
Tyler Zeller\zellety01,7.1,12.9,0,0,7.1,12.9,3.2,3.9,3,6.6,9.7,2.4,0.4,1.1,1.6,4.3,17.3